run,dataset,task,n,accuracy,macro_f1,ece,nll,p50_s,p95_s
jev-v2,business-test,intent,72,0.9305555555555556,0.908870758870759,0.07040965207631872,0.2296827332466209,0.4908892499952344,0.5425120150102885
jev-v2,business-test,needs_human,72,0.9861111111111112,0.9824175824175825,,,0.4908892499952344,0.5425120150102885
jev-v2,business-test,route,72,0.9722222222222222,0.9708154164675904,0.058194444444444444,0.12106280311321393,0.4908892499952344,0.5425120150102885
jev-v2,business-test,tool,72,0.9722222222222222,0.9450980392156862,,,0.4908892499952344,0.5425120150102885
jev-v2,crosswoz-test,intent,200,0.87,0.869600309710116,0.11315000000000013,0.9953319334921111,0.4928588999900967,0.5583187100113718
jev-v2,massive-test,intent,2972,0.7806191117092867,0.7806313618420022,0.11154020011691623,1.8836474230881948,0.4920840499980841,0.559169150008529
qwen-bf16-v2,business-test,intent,72,0.5972222222222222,0.560272010649763,0.2971326481861209,2.8631774658052898,0.18520259998331312,0.20740878501383123
qwen-bf16-v2,business-test,needs_human,72,0.5555555555555556,0.5555555555555556,,,0.18520259998331312,0.20740878501383123
qwen-bf16-v2,business-test,route,72,0.375,0.29444444444444445,0.5390466814112744,4.249440369342868,0.18520259998331312,0.20740878501383123
qwen-bf16-v2,business-test,tool,72,0.7083333333333334,0.2073170731707317,,,0.18520259998331312,0.20740878501383123
qwen-bf16-v2,crosswoz-test,intent,200,0.76,0.7503576992308194,0.21812256604790367,1.9845518818279777,0.05033640000328887,0.06860135501483455
qwen-bf16-v2,massive-test,intent,2974,0.5864156018829859,0.5637829987860032,0.3304097941359442,5.323290329229806,0.0883843499905197,0.0917221699928632
qwen-nf4-v2,business-test,intent,72,0.5972222222222222,0.5984175132810118,0.3195744246131229,2.7254510863380164,0.2231288500042865,0.3267164400051115
qwen-nf4-v2,business-test,needs_human,72,0.5138888888888888,0.5137950993633031,,,0.2231288500042865,0.3267164400051115
qwen-nf4-v2,business-test,route,72,0.4305555555555556,0.37448783610755443,0.34337752358641915,1.9275167094303929,0.2231288500042865,0.3267164400051115
qwen-nf4-v2,business-test,tool,72,0.75,0.5314327485380117,,,0.2231288500042865,0.3267164400051115
qwen-nf4-v2,crosswoz-test,intent,200,0.59,0.5384394786552844,0.4012274622989943,4.1636377545735055,0.07662959999288432,0.08654619999433634
qwen-nf4-v2,massive-test,intent,2974,0.5501008742434432,0.5375803397855671,0.321988062681959,5.133847175192884,0.10408369998913258,0.10886554499884368
qwen-qlora-v2,business-test,intent,72,0.6666666666666666,0.6117160683468926,0.10665932273324788,1.103014941073596,0.23430184998142067,0.3558219750062563
qwen-qlora-v2,business-test,needs_human,72,0.75,0.7290969899665551,,,0.23430184998142067,0.3558219750062563
qwen-qlora-v2,business-test,route,72,0.4444444444444444,0.422985347985348,0.30074358185207356,1.4532036102571448,0.23430184998142067,0.3558219750062563
qwen-qlora-v2,business-test,tool,72,0.75,0.3797814207650273,,,0.23430184998142067,0.3558219750062563
qwen-qlora-v2,crosswoz-test,intent,200,0.645,0.5909248744618645,0.2598445527508723,1.1572078225169724,0.0801023499952862,0.090913984994404
qwen-qlora-v2,massive-test,intent,2974,0.6546738399462004,0.6282649729255197,0.05574505807363025,1.5893443934043407,0.11310965000302531,0.11876296500558965
qwen-nf4-v2-calibrated,business-test,intent,72,0.5972222222222222,0.5984175132810118,0.11099016483503142,1.5314820825732898,0.2231288500042865,0.3267164400051115
qwen-nf4-v2-calibrated,business-test,needs_human,72,0.5138888888888888,0.5137950993633031,,,0.2231288500042865,0.3267164400051115
qwen-nf4-v2-calibrated,business-test,route,72,0.4305555555555556,0.37448783610755443,0.21638766860107808,1.3917138721580617,0.2231288500042865,0.3267164400051115
qwen-nf4-v2-calibrated,business-test,tool,72,0.75,0.5314327485380117,,,0.2231288500042865,0.3267164400051115
qwen-nf4-v2-calibrated,massive-test,intent,2974,0.5501008742434432,0.5375803397855671,0.06391670339346797,2.2405191378957237,0.10408369998913258,0.10886554499884368
qwen-qlora-v2-calibrated,business-test,intent,72,0.6666666666666666,0.6117160683468926,0.11924770814387564,1.092962192680533,0.23430184998142067,0.3558219750062563
qwen-qlora-v2-calibrated,business-test,needs_human,72,0.75,0.7290969899665551,,,0.23430184998142067,0.3558219750062563
qwen-qlora-v2-calibrated,business-test,route,72,0.4444444444444444,0.422985347985348,0.30501032931199684,1.3882159497213027,0.23430184998142067,0.3558219750062563
qwen-qlora-v2-calibrated,business-test,tool,72,0.75,0.3797814207650273,,,0.23430184998142067,0.3558219750062563
qwen-qlora-v2-calibrated,massive-test,intent,2974,0.6546738399462004,0.6282649729255197,0.017860127791166313,1.5626698918933146,0.11310965000302531,0.11876296500558965
